PART NUMBER,Return Value
1301224,Standard Part # Use Price Book
1301520,Standard Part # Use Price Book
1301620,Standard Part # Use Price Book
1301625,Standard Part # Use Price Book
1302020,Standard Part # Use Price Book
1302024,Standard Part # Use Price Book
1302025,Standard Part # Use Price Book
1302424,Standard Part # Use Price Book
1302525,Standard Part # Use Price Book
10022600,Standard Part # Use Price Book
10026600,Standard Part # Use Price Book
10050300,Standard Part # Use Price Book
10060300,Standard Part # Use Price Book
1321224,Standard Part # Use Price Book
1321520,Standard Part # Use Price Book
1321620,Standard Part # Use Price Book
1321625,Standard Part # Use Price Book
1322020,Standard Part # Use Price Book
1322024,Standard Part # Use Price Book
1322025,Standard Part # Use Price Book
1322424,Standard Part # Use Price Book
1322525,Standard Part # Use Price Book
10208135,Standard Part # Use Price Book
10210135,Standard Part # Use Price Book
10212135,Standard Part # Use Price Book
10214135,Standard Part # Use Price Book
10216135,Standard Part # Use Price Book
10220135,Standard Part # Use Price Book
10224135,Standard Part # Use Price Book
10225135,Standard Part # Use Price Book
10240135,Standard Part # Use Price Book
10250135,Standard Part # Use Price Book
10260135,Standard Part # Use Price Book
1341224,Standard Part # Use Price Book
1341520,Standard Part # Use Price Book
1341620,Standard Part # Use Price Book
1341625,Standard Part # Use Price Book
1342020,Standard Part # Use Price Book
1342024,Standard Part # Use Price Book
1342025,Standard Part # Use Price Book
1342424,Standard Part # Use Price Book
1342525,Standard Part # Use Price Book
1041690,Standard Part # Use Price Book
1042090,Standard Part # Use Price Book
1042490,Standard Part # Use Price Book
1042590,Standard Part # Use Price Book
1044090,Standard Part # Use Price Book
1044890,Standard Part # Use Price Book
1045090,Standard Part # Use Price Book
1046090,Standard Part # Use Price Book
1047290,Standard Part # Use Price Book
1521224,Standard Part # Use Price Book
1521520,Standard Part # Use Price Book
1521620,Standard Part # Use Price Book
1521625,Standard Part # Use Price Book
1522020,Standard Part # Use Price Book
1522024,Standard Part # Use Price Book
1522025,Standard Part # Use Price Book
1522424,Standard Part # Use Price Book
1522525,Standard Part # Use Price Book
1262060,Standard Part # Use Price Book
1262460,Standard Part # Use Price Book
1262560,Standard Part # Use Price Book
1264860,Standard Part # Use Price Book
1265060,Standard Part # Use Price Book
1266060,Standard Part # Use Price Book
1361224,Standard Part # Use Price Book
1361360,Standard Part # Use Price Book
1361620,Standard Part # Use Price Book
1361625,Standard Part # Use Price Book
1362020,Standard Part # Use Price Book
1362024,Standard Part # Use Price Book
1362025,Standard Part # Use Price Book
1362424,Standard Part # Use Price Book
1362525,Standard Part # Use Price Book
10622100,Standard Part # Use Price Book
10626100,Standard Part # Use Price Book
1064060,Standard Part # Use Price Book
1065060,Standard Part # Use Price Book
1066060,Standard Part # Use Price Book
1761224,Standard Part # Use Price Book
1761620,Standard Part # Use Price Book
1761625,Standard Part # Use Price Book
1762020,Standard Part # Use Price Book
1762024,Standard Part # Use Price Book
1762025,Standard Part # Use Price Book
1762424,Standard Part # Use Price Book
1762525,Standard Part # Use Price Book
11322100,Standard Part # Use Price Book
11326100,Standard Part # Use Price Book
1134060,Standard Part # Use Price Book
1135060,Standard Part # Use Price Book
1136060,Standard Part # Use Price Book
1137260,Standard Part # Use Price Book
1401224,Standard Part # Use Price Book
1401620,Standard Part # Use Price Book
1401625,Standard Part # Use Price Book
1402020,Standard Part # Use Price Book
1402024,Standard Part # Use Price Book
1402025,Standard Part # Use Price Book
1402424,Standard Part # Use Price Book
1402525,Standard Part # Use Price Book
11020100,Standard Part # Use Price Book
11025100,Standard Part # Use Price Book
1104060,Standard Part # Use Price Book
1105060,Standard Part # Use Price Book
1106060,Standard Part # Use Price Book
1431224,Standard Part # Use Price Book
1431620,Standard Part # Use Price Book
1431625,Standard Part # Use Price Book
1432020,Standard Part # Use Price Book
1432024,Standard Part # Use Price Book
1432025,Standard Part # Use Price Book
1432424,Standard Part # Use Price Book
1432525,Standard Part # Use Price Book
11120100,Standard Part # Use Price Book
11125100,Standard Part # Use Price Book
1114060,Standard Part # Use Price Book
1115060,Standard Part # Use Price Book
1116060,Standard Part # Use Price Book
0961690,Standard Part # Use Price Book
0962090,Standard Part # Use Price Book
0962490,Standard Part # Use Price Book
0962590,Standard Part # Use Price Book
0964090,Standard Part # Use Price Book
0964890,Standard Part # Use Price Book
0965090,Standard Part # Use Price Book
0966090,Standard Part # Use Price Book
0967290,Standard Part # Use Price Book
1701224,Standard Part # Use Price Book
1701520,Standard Part # Use Price Book
1701620,Standard Part # Use Price Book
1701625,Standard Part # Use Price Book
1702020,Standard Part # Use Price Book
1702024,Standard Part # Use Price Book
1702025,Standard Part # Use Price Book
1702424,Standard Part # Use Price Book
1145H100,Standard Part # Use Price Book
1145D100,Standard Part # Use Price Book
1145L100,Standard Part # Use Price Book
1145100,Standard Part # Use Price Book
1146H100,Standard Part # Use Price Book
1146D100,Standard Part # Use Price Book
1146L100,Standard Part # Use Price Book
1146100,Standard Part # Use Price Book
1147H100,Standard Part # Use Price Book
1147D100,Standard Part # Use Price Book
1147L100,Standard Part # Use Price Book
1147100,Standard Part # Use Price Book
1148H100,Standard Part # Use Price Book
1148D100,Standard Part # Use Price Book
1148L100,Standard Part # Use Price Book
1148100,Standard Part # Use Price Book
1149H100,Standard Part # Use Price Book
1149D100,Standard Part # Use Price Book
1149L100,Standard Part # Use Price Book
1149100,Standard Part # Use Price Book
11410H100,Standard Part # Use Price Book
11410D100,Standard Part # Use Price Book
11410L100,Standard Part # Use Price Book
11410100,Standard Part # Use Price Book
11411H100,Standard Part # Use Price Book
11411D100,Standard Part # Use Price Book
11411L100,Standard Part # Use Price Book
11411100,Standard Part # Use Price Book
11412H100,Standard Part # Use Price Book
11412D100,Standard Part # Use Price Book
11412L100,Standard Part # Use Price Book
11412100,Standard Part # Use Price Book
11413H100,Standard Part # Use Price Book
11413D100,Standard Part # Use Price Book
11413L100,Standard Part # Use Price Book
11413100,Standard Part # Use Price Book
11414H100,Standard Part # Use Price Book
11414D100,Standard Part # Use Price Book
11414L100,Standard Part # Use Price Book
11414100,Standard Part # Use Price Book
11415H100,Standard Part # Use Price Book
11415D100,Standard Part # Use Price Book
11415L100,Standard Part # Use Price Book
11415100,Standard Part # Use Price Book
11416H100,Standard Part # Use Price Book
11416D100,Standard Part # Use Price Book
11416L100,Standard Part # Use Price Book
11416100,Standard Part # Use Price Book
11417H100,Standard Part # Use Price Book
11417D100,Standard Part # Use Price Book
11417L100,Standard Part # Use Price Book
11417100,Standard Part # Use Price Book
11418H100,Standard Part # Use Price Book
11418D100,Standard Part # Use Price Book
11418L100,Standard Part # Use Price Book
11418100,Standard Part # Use Price Book
11419H100,Standard Part # Use Price Book
11419D100,Standard Part # Use Price Book
11419L100,Standard Part # Use Price Book
11419100,Standard Part # Use Price Book
11420H100,Standard Part # Use Price Book
11420D100,Standard Part # Use Price Book
11420L100,Standard Part # Use Price Book
11420100,Standard Part # Use Price Book
11421H100,Standard Part # Use Price Book
11421D100,Standard Part # Use Price Book
11421L100,Standard Part # Use Price Book
11421100,Standard Part # Use Price Book
11422H100,Standard Part # Use Price Book
11422D100,Standard Part # Use Price Book
11422L100,Standard Part # Use Price Book
11422100,Standard Part # Use Price Book
11423H100,Standard Part # Use Price Book
11423D100,Standard Part # Use Price Book
11423L100,Standard Part # Use Price Book
11423100,Standard Part # Use Price Book
11424H100,Standard Part # Use Price Book
11424D100,Standard Part # Use Price Book
11424L100,Standard Part # Use Price Book
11424100,Standard Part # Use Price Book
11425100,Standard Part # Use Price Book
1145H100ATS,Standard Part # Use Price Book
1145D100ATS,Standard Part # Use Price Book
1145L100ATS,Standard Part # Use Price Book
1145100ATS,Standard Part # Use Price Book
1146H100ATS,Standard Part # Use Price Book
1146D100ATS,Standard Part # Use Price Book
1146L100ATS,Standard Part # Use Price Book
1146100ATS,Standard Part # Use Price Book
1147H100ATS,Standard Part # Use Price Book
1147D100ATS,Standard Part # Use Price Book
1147L100ATS,Standard Part # Use Price Book
1147100ATS,Standard Part # Use Price Book
1148H100ATS,Standard Part # Use Price Book
1148D100ATS,Standard Part # Use Price Book
1148L100ATS,Standard Part # Use Price Book
1148100ATS,Standard Part # Use Price Book
1149H100ATS,Standard Part # Use Price Book
1149D100ATS,Standard Part # Use Price Book
1149L100ATS,Standard Part # Use Price Book
1149100ATS,Standard Part # Use Price Book
11410H100ATS,Standard Part # Use Price Book
11410D100ATS,Standard Part # Use Price Book
11410L100ATS,Standard Part # Use Price Book
11410100ATS,Standard Part # Use Price Book
11411H100ATS,Standard Part # Use Price Book
11411D100ATS,Standard Part # Use Price Book
11411L100ATS,Standard Part # Use Price Book
11411100ATS,Standard Part # Use Price Book
11412H100ATS,Standard Part # Use Price Book
11412D100ATS,Standard Part # Use Price Book
11412L100ATS,Standard Part # Use Price Book
11412100ATS,Standard Part # Use Price Book
11413H100ATS,Standard Part # Use Price Book
11413D100ATS,Standard Part # Use Price Book
11413L100ATS,Standard Part # Use Price Book
11413100ATS,Standard Part # Use Price Book
11414H100ATS,Standard Part # Use Price Book
11414D100ATS,Standard Part # Use Price Book
11414L100ATS,Standard Part # Use Price Book
11414100ATS,Standard Part # Use Price Book
11415H100ATS,Standard Part # Use Price Book
11415D100ATS,Standard Part # Use Price Book
11415L100ATS,Standard Part # Use Price Book
11415100ATS,Standard Part # Use Price Book
11416H100ATS,Standard Part # Use Price Book
11416D100ATS,Standard Part # Use Price Book
11416L100ATS,Standard Part # Use Price Book
11416100ATS,Standard Part # Use Price Book
11417H100ATS,Standard Part # Use Price Book
11417D100ATS,Standard Part # Use Price Book
11417L100ATS,Standard Part # Use Price Book
11417100ATS,Standard Part # Use Price Book
11418H100ATS,Standard Part # Use Price Book
11418D100ATS,Standard Part # Use Price Book
11418L100ATS,Standard Part # Use Price Book
11418100ATS,Standard Part # Use Price Book
11419H100ATS,Standard Part # Use Price Book
11419D100ATS,Standard Part # Use Price Book
11419L100ATS,Standard Part # Use Price Book
11419100ATS,Standard Part # Use Price Book
11420H100ATS,Standard Part # Use Price Book
11420D100ATS,Standard Part # Use Price Book
11420L100ATS,Standard Part # Use Price Book
11420100ATS,Standard Part # Use Price Book
11421H100ATS,Standard Part # Use Price Book
11421D100ATS,Standard Part # Use Price Book
11421L100ATS,Standard Part # Use Price Book
11421100ATS,Standard Part # Use Price Book
11422H100ATS,Standard Part # Use Price Book
11422D100ATS,Standard Part # Use Price Book
11422L100ATS,Standard Part # Use Price Book
11422100ATS,Standard Part # Use Price Book
11423H100ATS,Standard Part # Use Price Book
11423D100ATS,Standard Part # Use Price Book
11423L100ATS,Standard Part # Use Price Book
11423100ATS,Standard Part # Use Price Book
11424H100ATS,Standard Part # Use Price Book
11424D100ATS,Standard Part # Use Price Book
11424L100ATS,Standard Part # Use Price Book
11424100ATS,Standard Part # Use Price Book
11425100ATS,Standard Part # Use Price Book
08012100-COE,Standard Part # Use Price Book
08014100-COE,Standard Part # Use Price Book
08016100-COE,Standard Part # Use Price Book
08018100-COE,Standard Part # Use Price Book
08020100-COE,Standard Part # Use Price Book
08024100-COE,Standard Part # Use Price Book
08025100-COE,Standard Part # Use Price Book
